TIME,TOTAL_CPU,GET //192.168.165.219:8080/openmrs/ws/rest/v1/person?q=,GET //192.168.165.219:8080/openmrs/ws/rest/v1/concept?q=,GET //192.168.165.219:8080/openmrs/ws/rest/v1/encountertype?q=,DELETE //192.168.165.219:8080/openmrs/ws/rest/v1/person,GET //192.168.165.219:8080/openmrs/ws/rest/v1/person,GET //192.168.165.219:8080/openmrs/ws/rest/v1/obs?patient=,GET //192.168.165.219:8080/openmrs/ws/rest/v1/encounter?patient=,POST //192.168.165.219:8080/openmrs/ws/rest/v1/person
2019-09-27 05:40:12+00:00,87.36,62,95,108,66,37,29,40,116
2019-09-27 05:40:42+00:00,87.65,46,95,98,60,29,22,38,116
2019-09-27 05:41:12+00:00,72.5,31,27,43,21,10,6,17,40
2019-09-27 05:41:42+00:00,68.84,93,79,50,54,104,34,51,128
2019-09-27 05:42:12+00:00,86.98,71,92,59,59,72,10,20,105
2019-09-27 05:42:42+00:00,85.56,70,98,65,80,102,19,33,130
2019-09-27 05:43:12+00:00,85.22,97,115,54,129,77,18,43,166
2019-09-27 05:43:42+00:00,83.43,83,122,72,166,71,18,50,209
2019-09-27 05:44:12+00:00,85.76,72,89,82,131,58,20,28,172
2019-09-27 05:44:42+00:00,84.44,86,79,78,145,64,16,20,183
2019-09-27 05:45:12+00:00,83,92,92,73,144,69,18,17,173
2019-09-27 05:45:42+00:00,79.3,87,81,53,103,75,26,22,155
2019-09-27 05:46:12+00:00,83.99,65,83,81,115,75,22,19,155
2019-09-27 05:46:42+00:00,65.17,64,38,34,7,55,27,29,45
2019-09-27 05:47:12+00:00,59.07,23,22,10,1,9,8,7,16
2019-09-27 05:47:42+00:00,54.41,11,15,5,2,9,5,8,9
2019-09-27 05:48:12+00:00,53.57,7,7,17,2,7,5,3,8
2019-09-27 05:48:42+00:00,52.87,14,14,10,5,10,6,4,9
2019-09-27 05:49:12+00:00,54.32,29,45,32,15,12,9,27,38
2019-09-27 05:49:42+00:00,56.06,17,39,23,22,10,7,6,24
2019-09-27 05:50:12+00:00,56.67,9,35,26,16,10,4,15,29
2019-09-27 05:50:42+00:00,57.97,14,37,25,11,9,4,8,29
2019-09-27 05:51:12+00:00,55.89,10,30,14,5,6,1,9,19
2019-09-27 05:51:42+00:00,58.34,13,54,24,14,7,4,10,36
2019-09-27 05:52:12+00:00,56.65,16,25,13,14,9,3,4,13
2019-09-27 05:52:42+00:00,57.36,0,0,0,0,0,0,0,0
2019-09-27 05:53:12+00:00,56.07,12,5,10,0,21,9,11,29
2019-09-27 05:53:42+00:00,55.12,12,8,4,5,8,5,16,26
2019-09-27 05:54:12+00:00,56.24,21,20,17,20,29,10,16,22
2019-09-27 05:54:42+00:00,53.88,4,2,3,0,4,1,1,7
2019-09-27 05:55:12+00:00,52.11,8,5,1,1,8,0,5,6
2019-09-27 05:55:42+00:00,52.23,8,2,4,0,6,4,5,8
2019-09-27 05:56:12+00:00,52.14,6,6,3,0,6,5,3,5
2019-09-27 05:56:42+00:00,50.97,7,5,4,0,2,2,5,7
2019-09-27 05:57:12+00:00,50.79,10,9,1,0,10,4,1,5
2019-09-27 05:57:42+00:00,51.19,5,5,2,0,6,8,6,2
2019-09-27 05:58:12+00:00,50.83,11,7,5,1,2,7,1,4
2019-09-27 05:58:42+00:00,50.51,4,1,2,1,5,1,5,5
2019-09-27 05:59:12+00:00,50.18,2,9,3,0,7,1,5,6
2019-09-27 05:59:42+00:00,49.61,3,2,1,1,2,1,0,4
2019-09-27 06:00:12+00:00,49.35,5,7,4,2,4,1,4,6
2019-09-27 06:00:42+00:00,49.42,2,2,4,1,2,1,0,1
2019-09-27 06:01:12+00:00,49.4,3,10,2,2,2,0,2,3
2019-09-27 06:01:42+00:00,49.31,0,3,1,3,0,0,0,7
2019-09-27 06:02:12+00:00,49.43,2,16,11,6,7,2,5,8
2019-09-27 06:02:42+00:00,49.39,6,10,10,3,4,2,11,7
2019-09-27 06:03:12+00:00,49.48,6,8,3,4,2,5,5,6
2019-09-27 06:03:42+00:00,49.08,1,8,9,6,5,2,2,7
2019-09-27 06:04:12+00:00,49.2,0,0,0,0,0,0,0,0
2019-09-27 06:04:42+00:00,51.08,0,0,0,0,0,0,0,0
2019-09-27 06:05:12+00:00,53.6,0,0,0,0,0,0,0,0
2019-09-27 06:05:42+00:00,48.94,0,0,0,0,0,0,0,0
2019-09-27 06:06:12+00:00,47.65,53,28,22,0,46,24,14,36
2019-09-27 06:06:42+00:00,53.81,12,6,1,0,7,6,2,4
2019-09-27 06:07:12+00:00,52.55,16,2,6,0,7,6,4,8
2019-09-27 06:07:42+00:00,52.36,9,6,12,0,8,5,3,8
2019-09-27 06:08:12+00:00,52.3,10,5,3,0,6,2,3,5
2019-09-27 06:08:42+00:00,51.33,3,4,2,0,9,5,3,7
2019-09-27 06:09:12+00:00,51.39,5,3,3,0,3,1,4,5
2019-09-27 06:09:42+00:00,50.97,3,3,2,0,7,3,2,6
2019-09-27 06:10:12+00:00,50.49,2,1,4,0,3,2,3,0
2019-09-27 06:10:42+00:00,49.9,3,1,3,0,1,1,2,2
2019-09-27 06:11:12+00:00,52.8,4,7,8,2,6,3,4,9
2019-09-27 06:11:42+00:00,53.96,18,18,19,12,11,7,9,8
2019-09-27 06:12:12+00:00,54.92,16,14,21,11,6,6,8,26
2019-09-27 06:12:42+00:00,59.97,7,11,6,6,5,1,3,5
2019-09-27 06:13:12+00:00,42.41,43,43,23,9,59,37,28,45
2019-09-27 06:13:42+00:00,52.96,9,6,5,0,6,4,2,4
2019-09-27 06:14:12+00:00,52.67,8,6,3,0,12,3,6,9
2019-09-27 06:14:42+00:00,52.75,6,2,3,0,6,6,6,0
2019-09-27 06:15:12+00:00,52.05,8,4,4,0,7,8,10,7
2019-09-27 06:15:42+00:00,51.85,10,11,9,3,6,3,3,6
2019-09-27 06:16:12+00:00,51.39,6,10,10,3,5,4,0,9
2019-09-27 06:16:42+00:00,53.22,14,21,12,12,11,5,17,19
2019-09-27 06:17:12+00:00,53.55,14,24,25,5,7,6,11,26
2019-09-27 06:17:42+00:00,53.52,21,32,20,10,9,9,6,13
2019-09-27 06:18:12+00:00,55.56,7,29,18,17,3,5,3,22
2019-09-27 06:18:42+00:00,54.88,9,21,20,7,3,3,5,8
2019-09-27 06:19:12+00:00,55.03,2,1,2,0,0,0,0,3
2019-09-27 06:19:42+00:00,60.56,33,8,7,7,18,9,7,22
2019-09-27 06:20:12+00:00,43.31,45,21,14,6,35,13,15,31
2019-09-27 06:20:42+00:00,51.69,7,2,5,0,7,2,2,3
2019-09-27 06:21:12+00:00,51.35,7,4,3,0,4,6,5,9
2019-09-27 06:21:42+00:00,51.77,6,2,2,1,8,4,2,14
2019-09-27 06:22:12+00:00,51.92,4,2,5,3,5,4,1,8
2019-09-27 06:22:42+00:00,58.86,28,15,14,19,20,11,22,29
2019-09-27 06:23:12+00:00,84.51,46,54,52,45,52,13,39,78
2019-09-27 06:23:42+00:00,85,68,122,86,78,60,22,49,121
2019-09-27 06:24:12+00:00,82.48,67,94,65,75,73,26,41,106
2019-09-27 06:24:42+00:00,84.48,65,86,103,107,58,20,56,159
2019-09-27 06:25:12+00:00,59.02,56,42,17,3,60,27,24,54
2019-09-27 06:25:42+00:00,52.38,8,8,5,1,7,6,2,13
2019-09-27 06:26:12+00:00,52.66,10,2,1,1,10,4,3,12
2019-09-27 06:26:42+00:00,52.28,9,2,3,1,6,7,5,6
2019-09-27 06:27:12+00:00,51.57,7,3,3,0,5,0,0,5
2019-09-27 06:27:42+00:00,50.79,8,5,5,1,2,3,3,4
2019-09-27 06:28:12+00:00,51.36,4,3,3,0,4,0,3,3
2019-09-27 06:28:42+00:00,51.07,8,3,7,0,9,1,1,2
2019-09-27 06:29:12+00:00,52.03,9,10,10,6,4,2,2,6
2019-09-27 06:29:42+00:00,51.93,10,5,4,1,6,1,3,8
2019-09-27 06:30:12+00:00,51.54,6,7,5,2,7,2,8,11
2019-09-27 06:30:42+00:00,51.97,4,8,7,3,9,3,1,8
2019-09-27 06:31:12+00:00,52.4,8,7,5,0,9,2,4,11
2019-09-27 06:31:42+00:00,52.34,10,7,2,3,6,2,5,4
2019-09-27 06:32:12+00:00,51.48,7,9,3,1,6,2,1,3
2019-09-27 06:32:42+00:00,52.5,7,4,5,8,13,4,5,12
2019-09-27 06:33:12+00:00,52.66,11,24,25,13,8,7,6,17
2019-09-27 06:33:42+00:00,53.42,9,9,12,8,4,9,3,12
2019-09-27 06:34:12+00:00,61.38,0,0,0,0,0,0,0,0
2019-09-27 06:34:42+00:00,38.87,63,51,18,13,42,25,34,59
2019-09-27 06:35:12+00:00,53.44,5,3,5,0,9,1,3,11
2019-09-27 06:35:42+00:00,51.96,4,6,3,1,7,6,1,9
2019-09-27 06:36:12+00:00,52.3,7,11,5,4,3,1,2,13
2019-09-27 06:36:42+00:00,51.97,5,13,6,8,5,4,4,9
2019-09-27 06:37:12+00:00,52.12,5,6,4,11,4,1,7,9
2019-09-27 06:37:42+00:00,52.01,6,13,5,11,0,4,2,7
2019-09-27 06:38:12+00:00,53.5,3,12,12,4,4,2,5,15
2019-09-27 06:38:42+00:00,54.32,5,8,6,2,1,2,1,6
2019-09-27 06:39:12+00:00,51.8,0,11,1,2,3,0,3,4
2019-09-27 06:39:42+00:00,53.53,8,15,8,4,3,1,4,13
2019-09-27 06:40:12+00:00,52.99,0,0,0,0,0,0,0,0
2019-09-27 06:40:42+00:00,53.55,0,0,0,0,0,0,0,0
2019-09-27 06:41:12+00:00,55.27,0,0,0,0,0,0,0,0
2019-09-27 06:41:42+00:00,38.91,56,47,25,15,49,28,29,69
2019-09-27 06:42:12+00:00,54.01,6,4,2,0,7,3,1,4
2019-09-27 06:42:42+00:00,53.49,8,1,6,0,10,4,4,6
2019-09-27 06:43:12+00:00,52.28,12,6,9,0,12,5,7,16
2019-09-27 06:43:42+00:00,52.41,6,1,5,0,10,4,3,8
2019-09-27 06:44:12+00:00,52.06,5,4,4,5,4,1,0,8
2019-09-27 06:44:42+00:00,52.28,11,13,9,4,9,2,4,9
2019-09-27 06:45:12+00:00,53.32,13,9,10,17,10,4,3,13
2019-09-27 06:45:42+00:00,52.6,20,8,14,10,9,3,9,10
2019-09-27 06:46:12+00:00,52.69,6,7,5,8,5,0,1,8
2019-09-27 06:46:42+00:00,52.3,5,2,12,5,5,2,2,10
2019-09-27 06:47:12+00:00,51.6,21,24,22,13,19,2,5,20
2019-09-27 06:47:42+00:00,52.64,8,2,2,2,1,0,1,6
2019-09-27 06:48:12+00:00,75.85,47,43,30,18,41,45,35,61
2019-09-27 06:48:42+00:00,51.41,9,7,2,1,11,9,2,7
2019-09-27 06:49:12+00:00,52.71,9,11,2,0,8,5,2,5
2019-09-27 06:49:42+00:00,52.42,7,6,5,0,7,3,5,10
2019-09-27 06:50:12+00:00,53.11,4,10,5,1,5,3,4,10
2019-09-27 06:50:42+00:00,52.32,4,6,2,0,8,2,2,6
2019-09-27 06:51:12+00:00,50.91,8,11,2,1,7,4,5,9
2019-09-27 06:51:42+00:00,51.7,8,10,7,7,4,4,5,9
2019-09-27 06:52:12+00:00,51.43,6,11,6,10,6,8,6,9
2019-09-27 06:52:42+00:00,51,7,25,5,8,5,4,5,10
2019-09-27 06:53:12+00:00,52.69,20,24,13,7,6,10,5,12
2019-09-27 06:53:42+00:00,52.06,7,18,14,13,7,5,8,25
2019-09-27 06:54:12+00:00,52.95,4,16,2,5,4,7,1,13
2019-09-27 06:54:42+00:00,53.56,0,0,0,0,0,0,0,0
2019-09-27 06:55:12+00:00,61.83,0,0,0,0,0,0,0,0
2019-09-27 06:55:42+00:00,53.14,70,44,30,6,55,44,30,59
2019-09-27 06:56:12+00:00,53.66,5,4,9,0,9,3,5,12
2019-09-27 06:56:42+00:00,53.24,5,3,4,0,6,5,1,8
2019-09-27 06:57:12+00:00,51.83,3,9,3,1,4,1,2,7
2019-09-27 06:57:42+00:00,51.28,6,2,1,0,5,3,0,8
2019-09-27 06:58:12+00:00,51.31,5,5,3,0,8,3,1,5
2019-09-27 06:58:42+00:00,51.48,3,0,2,0,2,1,3,2
2019-09-27 06:59:12+00:00,51.44,8,6,3,0,6,3,3,5
2019-09-27 06:59:42+00:00,51.8,8,4,7,0,7,4,3,6
2019-09-27 07:00:12+00:00,51.59,5,3,5,1,7,1,2,5
2019-09-27 07:00:42+00:00,51.42,5,4,4,1,5,3,4,10
2019-09-27 07:01:12+00:00,51.78,9,9,18,5,4,0,5,9
2019-09-27 07:01:42+00:00,52.87,10,23,16,11,10,4,7,19
2019-09-27 07:02:12+00:00,53.34,18,24,17,18,11,7,11,26
2019-09-27 07:02:42+00:00,63.24,8,6,5,1,5,5,2,6
2019-09-27 07:03:12+00:00,56.19,53,47,45,6,36,48,29,47
2019-09-27 07:03:42+00:00,56.35,6,4,6,0,10,3,2,5
2019-09-27 07:04:12+00:00,53.7,11,4,5,1,8,3,6,1
2019-09-27 07:04:42+00:00,53.12,4,4,8,0,3,4,1,6
2019-09-27 07:05:12+00:00,52.63,4,11,12,0,7,1,7,7
2019-09-27 07:05:42+00:00,52.07,8,8,20,1,6,1,9,10
2019-09-27 07:06:12+00:00,51.43,9,19,26,12,6,6,9,13
2019-09-27 07:06:42+00:00,53.87,12,15,32,3,5,5,12,21
2019-09-27 07:07:12+00:00,53.85,25,58,82,17,10,12,21,39
2019-09-27 07:07:42+00:00,54.6,16,17,36,13,6,2,7,18
2019-09-27 07:08:12+00:00,53.96,4,12,16,8,5,4,5,11
2019-09-27 07:08:42+00:00,73.34,23,32,51,13,19,10,11,36
2019-09-27 07:09:12+00:00,53.02,15,5,3,1,6,3,10,18
2019-09-27 07:09:42+00:00,54.02,1,6,7,7,3,3,12,14
2019-09-27 07:10:12+00:00,74.73,38,56,27,31,37,37,56,68
2019-09-27 07:10:42+00:00,53.01,10,11,7,0,16,6,5,18
2019-09-27 07:11:12+00:00,52.42,8,6,8,0,10,6,5,8
2019-09-27 07:11:42+00:00,51.56,5,4,5,0,10,3,7,10
2019-09-27 07:12:12+00:00,52,6,7,4,2,8,1,3,10
2019-09-27 07:12:42+00:00,51.49,4,11,8,9,7,3,6,13
2019-09-27 07:13:12+00:00,51.74,5,13,6,10,7,6,8,9
2019-09-27 07:13:42+00:00,52.23,13,8,12,9,6,3,7,14
2019-09-27 07:14:12+00:00,52.47,15,18,11,23,7,3,12,22
2019-09-27 07:14:42+00:00,52.58,11,16,15,11,12,1,6,12
2019-09-27 07:15:12+00:00,51.78,7,8,6,5,3,4,2,8
2019-09-27 07:15:42+00:00,52.29,3,12,11,5,6,0,3,17
2019-09-27 07:16:12+00:00,54.15,5,8,5,0,2,0,3,6
2019-09-27 07:16:42+00:00,55.22,0,0,0,0,0,0,0,0
2019-09-27 07:17:12+00:00,64.5,11,7,5,4,12,7,2,15
2019-09-27 07:17:42+00:00,52.7,55,40,24,14,29,12,14,45
2019-09-27 07:18:12+00:00,52.6,5,6,1,0,4,5,3,7
2019-09-27 07:18:42+00:00,51.68,11,5,5,0,8,2,5,2
2019-09-27 07:19:12+00:00,51.55,6,3,4,1,5,4,3,2
2019-09-27 07:19:42+00:00,50.95,4,1,3,0,4,2,2,5
2019-09-27 07:20:12+00:00,51.38,3,1,5,0,4,2,3,10
2019-09-27 07:20:42+00:00,52.08,5,4,3,0,2,2,3,7
2019-09-27 07:21:12+00:00,51.46,9,5,5,0,8,3,3,7
2019-09-27 07:21:42+00:00,51.27,4,3,2,0,3,2,2,8
2019-09-27 07:22:12+00:00,49.92,5,6,3,0,7,2,2,6
2019-09-27 07:22:42+00:00,49.45,7,3,6,0,7,3,4,4
2019-09-27 07:23:12+00:00,50.03,3,4,1,1,8,1,2,5
2019-09-27 07:23:42+00:00,50.66,9,17,5,6,4,6,6,11
2019-09-27 07:24:12+00:00,52.66,11,12,11,8,5,7,9,17
2019-09-27 07:24:42+00:00,51.66,10,16,12,12,8,5,5,13
2019-09-27 07:25:12+00:00,53.3,1,14,12,6,2,1,3,4
2019-09-27 07:25:42+00:00,50.03,41,28,22,12,44,35,22,55
2019-09-27 07:26:12+00:00,51.87,9,3,3,0,7,1,4,4
2019-09-27 07:26:42+00:00,51.54,1,4,1,0,7,1,3,5
2019-09-27 07:27:12+00:00,51.73,4,4,3,0,7,3,0,5
2019-09-27 07:27:42+00:00,51.44,3,0,5,0,4,4,1,3
2019-09-27 07:28:12+00:00,51.37,7,1,2,0,2,3,3,5
2019-09-27 07:28:42+00:00,50.05,1,1,1,0,2,3,0,7
2019-09-27 07:29:12+00:00,50.45,3,0,1,0,6,5,3,10
2019-09-27 07:29:42+00:00,51.22,7,2,1,0,4,1,0,7
2019-09-27 07:30:12+00:00,51.41,4,5,2,0,3,3,3,6
2019-09-27 07:30:42+00:00,51.21,10,1,2,0,9,2,3,3
2019-09-27 07:31:12+00:00,51.44,7,0,3,0,1,3,3,4
2019-09-27 07:31:42+00:00,50.66,3,5,9,1,3,1,6,6
2019-09-27 07:32:12+00:00,51.27,9,6,5,5,6,2,2,7
2019-09-27 07:32:42+00:00,52.6,11,7,8,6,8,5,8,20
2019-09-27 07:33:12+00:00,53.88,12,17,7,16,12,3,3,11
2019-09-27 07:33:42+00:00,60.64,26,40,4,11,16,14,15,30
2019-09-27 07:34:12+00:00,47.31,32,45,8,10,35,15,17,19
2019-09-27 07:34:42+00:00,53.81,5,5,3,0,13,2,2,6
2019-09-27 07:35:12+00:00,51.67,8,9,2,0,5,6,2,19
2019-09-27 07:35:42+00:00,51.38,7,16,2,5,10,6,1,8
2019-09-27 07:36:12+00:00,50.77,6,9,6,3,4,4,3,9
2019-09-27 07:36:42+00:00,51.01,4,8,6,2,5,1,5,8
2019-09-27 07:37:12+00:00,51.42,4,19,5,9,8,6,3,13
2019-09-27 07:37:42+00:00,53.22,5,25,4,8,3,6,8,8
2019-09-27 07:38:12+00:00,54.26,4,34,9,7,5,7,5,15
2019-09-27 07:38:42+00:00,53.77,5,49,11,7,6,4,9,18
2019-09-27 07:39:12+00:00,73.34,7,27,7,6,6,2,3,25
2019-09-27 07:39:42+00:00,51.83,60,43,25,12,38,24,24,55
2019-09-27 07:40:12+00:00,53.66,9,2,11,1,11,4,3,6
2019-09-27 07:40:42+00:00,53.54,10,2,6,0,2,2,7,7
2019-09-27 07:41:12+00:00,52.21,4,3,8,0,9,5,5,7
2019-09-27 07:41:42+00:00,52.3,5,4,2,0,3,3,2,4
2019-09-27 07:42:12+00:00,52.05,8,0,3,0,7,3,2,8
2019-09-27 07:42:42+00:00,51.27,4,4,3,0,3,5,3,2
2019-09-27 07:43:12+00:00,50.02,7,6,9,0,6,8,9,11
2019-09-27 07:43:42+00:00,50.8,3,5,3,2,4,3,5,4
2019-09-27 07:44:12+00:00,50.3,5,4,3,0,3,3,2,1
2019-09-27 07:44:42+00:00,50.64,6,6,3,0,5,3,5,8
2019-09-27 07:45:12+00:00,51.48,12,6,4,0,8,6,1,11
2019-09-27 07:45:42+00:00,51.53,4,4,6,1,4,1,7,7
2019-09-27 07:46:12+00:00,51.65,3,8,10,9,9,3,5,9
2019-09-27 07:46:42+00:00,52.37,9,16,18,7,7,6,9,15
2019-09-27 07:47:12+00:00,52.32,12,17,25,8,7,8,11,18
2019-09-27 07:47:42+00:00,52.11,6,8,13,10,3,7,6,14
2019-09-27 07:48:12+00:00,60.9,0,0,0,0,0,0,0,0
2019-09-27 07:48:42+00:00,45.05,41,35,19,5,57,18,30,59
2019-09-27 07:49:12+00:00,52.55,5,6,2,0,3,1,2,5
2019-09-27 07:49:42+00:00,51.78,5,3,3,0,8,6,1,11
2019-09-27 07:50:12+00:00,52,5,1,5,0,5,1,4,8
2019-09-27 07:50:42+00:00,51.36,3,4,7,3,5,5,4,2
2019-09-27 07:51:12+00:00,51.36,3,3,5,0,5,0,5,4
2019-09-27 07:51:42+00:00,51.29,4,8,3,2,7,1,7,5
2019-09-27 07:52:12+00:00,51.5,3,5,3,1,7,4,2,8
2019-09-27 07:52:42+00:00,51.11,9,6,3,0,7,1,1,7
2019-09-27 07:53:12+00:00,51.48,4,1,0,0,6,6,4,3
2019-09-27 07:53:42+00:00,51.51,10,3,4,0,6,5,3,7
2019-09-27 07:54:12+00:00,51.59,6,6,2,2,2,5,2,7
2019-09-27 07:54:42+00:00,52.13,3,5,4,0,7,2,2,9
2019-09-27 07:55:12+00:00,52.15,5,3,6,1,8,4,5,5
2019-09-27 07:55:42+00:00,51.78,5,5,5,0,8,3,4,5
2019-09-27 07:56:12+00:00,51.3,2,4,4,2,2,1,1,7
2019-09-27 07:56:42+00:00,51.26,9,6,8,9,6,2,4,10
2019-09-27 07:57:12+00:00,52.2,11,18,11,11,11,2,4,8
2019-09-27 07:57:42+00:00,52.08,13,28,15,10,6,4,11,12
2019-09-27 07:58:12+00:00,55.6,0,0,0,0,0,0,0,1
2019-09-27 07:58:42+00:00,51.79,9,9,5,1,14,10,11,20
2019-09-27 07:59:12+00:00,52.91,3,4,7,0,2,2,12,19
2019-09-27 07:59:42+00:00,53.92,37,28,13,16,20,18,20,19
2019-09-27 08:00:12+00:00,53.78,6,5,1,1,3,2,2,7
2019-09-27 08:00:42+00:00,52.4,5,12,3,2,4,2,6,4
2019-09-27 08:01:12+00:00,52.83,6,8,4,1,5,3,3,9
2019-09-27 08:01:42+00:00,52.01,10,2,2,0,10,8,2,12
2019-09-27 08:02:12+00:00,51.5,5,1,1,0,6,1,1,6
2019-09-27 08:02:42+00:00,51.51,5,4,2,0,3,2,3,8
2019-09-27 08:03:12+00:00,52.06,6,2,2,0,8,1,3,9
2019-09-27 08:03:42+00:00,52.74,7,16,2,2,3,1,5,15
2019-09-27 08:04:12+00:00,52.66,6,23,11,6,7,5,8,15
2019-09-27 08:04:42+00:00,52.9,7,13,13,7,8,4,5,9
2019-09-27 08:05:12+00:00,52.77,7,16,7,16,5,5,6,15
2019-09-27 08:05:42+00:00,52.91,13,14,8,23,11,1,3,19
2019-09-27 08:06:12+00:00,67.14,0,1,0,0,4,3,2,5
2019-09-27 08:06:42+00:00,53.91,5,9,7,16,5,19,12,24
2019-09-27 08:07:12+00:00,57.21,50,46,21,15,34,23,32,36
2019-09-27 08:07:42+00:00,51.75,7,1,7,1,6,4,0,5
2019-09-27 08:08:12+00:00,51.55,6,3,6,0,5,3,3,3
2019-09-27 08:08:42+00:00,51,4,3,8,0,5,3,1,6
2019-09-27 08:09:12+00:00,51.24,4,4,9,1,6,2,7,5
2019-09-27 08:09:42+00:00,51.58,13,7,0,0,9,5,2,6
2019-09-27 08:10:12+00:00,52.1,16,10,10,1,10,11,8,8
2019-09-27 08:10:42+00:00,50.91,16,18,16,7,9,7,10,18
2019-09-27 08:11:12+00:00,51.35,15,15,20,6,9,3,10,13
2019-09-27 08:11:42+00:00,51.97,19,21,27,0,10,6,12,16
2019-09-27 08:12:12+00:00,52.21,14,17,18,17,6,4,8,16
2019-09-27 08:12:42+00:00,52.13,10,9,20,8,7,6,13,13
2019-09-27 08:13:12+00:00,52.17,4,11,8,5,7,1,2,11
2019-09-27 08:13:42+00:00,53.59,0,0,0,0,0,0,0,0
2019-09-27 08:14:12+00:00,55.1,2,2,2,0,2,2,2,2
2019-09-27 08:14:42+00:00,53.12,4,4,2,0,6,6,15,30
2019-09-27 08:15:12+00:00,55.08,2,2,1,16,3,14,25,6
2019-09-27 08:15:42+00:00,61.53,43,51,14,19,39,13,20,46
2019-09-27 08:16:12+00:00,52.07,8,3,7,0,5,2,3,5
2019-09-27 08:16:42+00:00,51.02,10,4,3,0,6,2,3,7
2019-09-27 08:17:12+00:00,52.08,6,11,1,0,4,3,4,6
2019-09-27 08:17:42+00:00,54.09,7,13,7,4,8,3,9,11
2019-09-27 08:18:12+00:00,53.63,14,19,12,9,8,4,7,17
2019-09-27 08:18:42+00:00,54.74,12,27,10,3,6,5,6,15
2019-09-27 08:19:12+00:00,60.64,17,50,28,15,5,11,20,24
2019-09-27 08:19:42+00:00,74.78,39,115,66,27,15,10,28,67
2019-09-27 08:20:12+00:00,84.69,51,141,82,27,18,17,31,84
2019-09-27 08:20:42+00:00,84.33,20,31,24,17,19,23,17,47
2019-09-27 08:21:12+00:00,66.57,67,57,22,36,52,28,34,81
2019-09-27 08:21:42+00:00,53.27,16,20,5,5,8,4,5,19
2019-09-27 08:22:12+00:00,53.44,19,33,9,18,16,8,2,18
2019-09-27 08:22:42+00:00,55.67,21,56,14,20,6,8,13,34
2019-09-27 08:23:12+00:00,55.42,15,44,21,22,10,3,4,29
2019-09-27 08:23:42+00:00,55.63,16,32,7,16,7,6,2,37
2019-09-27 08:24:12+00:00,55.27,7,20,8,13,2,2,2,12
2019-09-27 08:24:42+00:00,66.63,22,90,30,30,16,6,12,53
2019-09-27 08:25:12+00:00,66.28,23,64,27,34,16,15,9,64
2019-09-27 08:25:42+00:00,85.62,39,109,42,62,36,19,10,101
2019-09-27 08:26:12+00:00,86.89,24,35,17,27,26,41,31,59
2019-09-27 08:26:42+00:00,64.47,41,69,7,11,36,23,19,50
2019-09-27 08:27:12+00:00,53.18,8,8,2,1,5,7,6,8
2019-09-27 08:27:42+00:00,54.55,15,20,5,3,15,6,3,13
2019-09-27 08:28:12+00:00,54.16,7,17,0,2,5,4,5,13
2019-09-27 08:28:42+00:00,54.86,7,25,1,12,6,5,6,8
2019-09-27 08:29:12+00:00,54.78,14,14,14,4,16,6,6,10
2019-09-27 08:29:42+00:00,54.07,9,7,14,0,19,4,5,12
2019-09-27 08:30:12+00:00,54.47,11,22,6,6,16,8,3,13
2019-09-27 08:30:42+00:00,53.24,18,45,15,15,5,7,10,27
2019-09-27 08:31:12+00:00,54.44,22,42,47,6,10,13,17,24
2019-09-27 08:31:42+00:00,54.28,17,52,26,15,9,5,6,28
2019-09-27 08:32:12+00:00,55.7,18,23,43,9,5,5,11,12
2019-09-27 08:32:42+00:00,55.38,13,15,39,1,2,1,8,15
2019-09-27 08:33:12+00:00,63.55,2,1,2,2,5,13,3,7
2019-09-27 08:33:42+00:00,47.69,58,44,32,17,37,32,23,64
2019-09-27 08:34:12+00:00,53.86,8,4,4,1,6,5,2,3
2019-09-27 08:34:42+00:00,53.53,14,3,6,0,11,3,7,12
2019-09-27 08:35:12+00:00,52.98,5,2,6,0,4,4,4,7
2019-09-27 08:35:42+00:00,52.71,4,5,5,0,8,6,4,10
2019-09-27 08:36:12+00:00,53.37,9,4,9,1,10,5,6,6
2019-09-27 08:36:42+00:00,53.72,3,8,6,6,9,5,2,13
2019-09-27 08:37:12+00:00,53.23,11,14,16,8,6,6,4,19
2019-09-27 08:37:42+00:00,53.54,11,13,14,15,9,1,4,19
2019-09-27 08:38:12+00:00,53.88,16,18,21,7,10,11,6,28
2019-09-27 08:38:42+00:00,55.12,16,20,16,17,12,4,4,17
2019-09-27 08:39:12+00:00,53.46,12,20,10,10,6,1,3,15
2019-09-27 08:39:42+00:00,54.25,4,2,3,4,2,0,1,2
2019-09-27 08:40:12+00:00,55.31,0,0,0,0,0,0,0,0
2019-09-27 08:40:42+00:00,54.91,0,0,0,0,0,0,0,0
2019-09-27 08:41:12+00:00,51.01,22,19,10,4,18,8,8,24
2019-09-27 08:41:42+00:00,46.43,32,35,16,11,26,25,19,32
2019-09-27 08:42:12+00:00,51.89,9,8,6,1,13,14,9,18
2019-09-27 08:42:42+00:00,52.22,8,6,4,0,5,8,3,9
2019-09-27 08:43:12+00:00,52.96,6,1,3,0,9,0,6,6
2019-09-27 08:43:42+00:00,51.74,12,24,13,3,13,6,3,11
2019-09-27 08:44:12+00:00,52.49,12,9,7,11,5,1,2,14
2019-09-27 08:44:42+00:00,52.68,15,17,11,14,8,3,5,14
2019-09-27 08:45:12+00:00,52.47,10,13,11,4,6,3,5,17
2019-09-27 08:45:42+00:00,51.52,5,14,5,3,2,2,3,8
2019-09-27 08:46:12+00:00,52.14,8,15,6,8,7,2,4,12
2019-09-27 08:46:42+00:00,52.57,11,25,14,9,8,5,8,12
2019-09-27 08:47:12+00:00,53.17,8,21,6,7,4,2,7,10
2019-09-27 08:47:42+00:00,53.59,3,5,5,3,2,1,0,4
2019-09-27 08:48:12+00:00,55.95,0,0,0,0,0,0,0,0
2019-09-27 08:48:42+00:00,52.47,16,2,3,0,18,7,11,29
2019-09-27 08:49:12+00:00,52.63,3,5,3,0,1,1,8,12
2019-09-27 08:49:42+00:00,53.98,22,12,7,13,16,10,11,24
2019-09-27 08:50:12+00:00,53.77,20,10,7,7,17,9,10,12
2019-09-27 08:50:42+00:00,53.23,16,6,4,0,11,3,3,6
2019-09-27 08:51:12+00:00,53.71,8,9,6,1,7,6,4,6
2019-09-27 08:51:42+00:00,52.54,4,4,2,0,7,2,4,1
2019-09-27 08:52:12+00:00,52.02,5,5,6,0,9,3,4,7
2019-09-27 08:52:42+00:00,51.59,3,2,3,0,6,2,2,5
2019-09-27 08:53:12+00:00,50.56,6,6,1,0,10,3,1,4
2019-09-27 08:53:42+00:00,50.62,6,2,0,0,4,7,6,1
2019-09-27 08:54:12+00:00,50.5,6,0,2,0,9,3,4,8
2019-09-27 08:54:42+00:00,50.83,4,2,0,0,5,4,1,6
2019-09-27 08:55:12+00:00,50.31,3,3,3,0,5,2,1,2
2019-09-27 08:55:42+00:00,50.47,6,1,1,0,7,5,2,6
2019-09-27 08:56:12+00:00,51.32,9,5,5,2,7,6,6,5
2019-09-27 08:56:42+00:00,51.15,7,8,8,1,5,1,3,5
2019-09-27 08:57:12+00:00,51.1,3,9,11,6,5,4,5,7
2019-09-27 08:57:42+00:00,51.38,11,30,16,9,10,5,12,18
2019-09-27 08:58:12+00:00,51.73,10,19,13,7,11,6,7,9
2019-09-27 08:58:42+00:00,51.55,8,14,11,7,2,6,5,7
2019-09-27 08:59:12+00:00,53.07,0,0,0,0,0,0,0,0
2019-09-27 08:59:42+00:00,52.88,0,0,0,0,0,0,0,0
2019-09-27 09:00:12+00:00,41.73,46,29,17,0,31,22,16,42
2019-09-27 09:00:42+00:00,51.67,7,5,3,0,6,1,0,4
2019-09-27 09:01:12+00:00,51.43,6,5,1,0,8,3,4,3
2019-09-27 09:01:42+00:00,51.46,1,3,6,0,7,2,2,2
2019-09-27 09:02:12+00:00,51.99,6,4,2,0,6,5,5,7
2019-09-27 09:02:42+00:00,52.12,6,0,3,0,6,6,4,4
2019-09-27 09:03:12+00:00,52.56,5,6,2,1,5,6,1,6
2019-09-27 09:03:42+00:00,52.48,5,12,5,6,6,4,12,13
2019-09-27 09:04:12+00:00,53.33,10,32,9,11,6,7,7,14
2019-09-27 09:04:42+00:00,53.65,10,22,11,11,9,12,6,11
2019-09-27 09:05:12+00:00,52.25,8,23,14,9,3,3,5,18
2019-09-27 09:05:42+00:00,54.33,8,33,8,13,2,6,6,18
2019-09-27 09:06:12+00:00,53.91,1,9,1,0,2,1,1,3
2019-09-27 09:06:42+00:00,64.16,0,0,0,0,0,0,0,0
2019-09-27 09:07:12+00:00,40.88,48,80,25,10,47,31,16,53
2019-09-27 09:07:42+00:00,53.15,11,2,3,0,8,0,1,8
2019-09-27 09:08:12+00:00,52.87,5,2,2,0,6,4,5,11
2019-09-27 09:08:42+00:00,51.9,8,8,9,0,9,9,4,6
2019-09-27 09:09:12+00:00,52.75,11,6,6,0,7,6,5,8
2019-09-27 09:09:42+00:00,52.45,8,5,9,0,11,8,5,15
2019-09-27 09:10:12+00:00,51.84,6,5,8,1,5,0,7,8
2019-09-27 09:10:42+00:00,52.64,7,16,13,9,11,3,1,9
2019-09-27 09:11:12+00:00,53.67,10,15,13,16,9,5,4,18
2019-09-27 09:11:42+00:00,53.39,11,23,13,11,5,3,6,16
2019-09-27 09:12:12+00:00,52.86,7,20,11,7,2,5,10,15
2019-09-27 09:12:42+00:00,54.34,7,9,11,4,0,3,2,12
2019-09-27 09:13:12+00:00,52.77,7,19,14,7,9,4,8,18
2019-09-27 09:13:42+00:00,55.82,3,2,4,1,1,0,0,4
2019-09-27 09:14:12+00:00,56.41,0,0,0,0,0,0,0,0
2019-09-27 09:14:42+00:00,55.84,42,36,18,9,33,10,11,45
2019-09-27 09:15:12+00:00,46.93,7,11,3,1,14,8,12,15
2019-09-27 09:15:42+00:00,53.67,10,6,2,0,8,1,6,7
2019-09-27 09:16:12+00:00,53.04,7,0,3,0,7,3,4,4
2019-09-27 09:16:42+00:00,53.65,9,2,6,1,8,3,7,15
2019-09-27 09:17:12+00:00,53.63,6,7,4,2,5,5,2,10
2019-09-27 09:17:42+00:00,53.8,10,13,5,2,10,7,6,10
2019-09-27 09:18:12+00:00,53.55,12,21,2,8,8,3,6,14
2019-09-27 09:18:42+00:00,53.48,12,17,12,13,10,6,3,15
2019-09-27 09:19:12+00:00,54.09,19,34,18,15,22,10,3,32
2019-09-27 09:19:42+00:00,54.6,13,44,17,20,15,3,4,27
2019-09-27 09:20:12+00:00,53.3,9,24,9,14,9,4,1,15
2019-09-27 09:20:42+00:00,54.3,7,19,6,9,10,2,3,24
2019-09-27 09:21:12+00:00,66.16,0,0,0,0,0,0,0,0
2019-09-27 09:21:42+00:00,41.71,51,48,25,3,46,24,29,47
2019-09-27 09:22:12+00:00,51.63,6,1,3,0,7,6,2,4
2019-09-27 09:22:42+00:00,50.77,10,13,4,0,13,9,3,8
2019-09-27 09:23:12+00:00,51.16,7,5,4,0,3,4,4,5
2019-09-27 09:23:42+00:00,50.11,4,0,2,0,3,2,2,2
2019-09-27 09:24:12+00:00,49.89,2,1,2,0,5,1,3,0
2019-09-27 09:24:42+00:00,50.42,6,1,2,0,1,4,0,3
2019-09-27 09:25:12+00:00,50.77,3,2,0,0,3,5,2,2
2019-09-27 09:25:42+00:00,51.05,2,2,0,0,2,0,2,7
2019-09-27 09:26:12+00:00,50.59,5,5,2,0,8,2,2,10
2019-09-27 09:26:42+00:00,50.66,4,3,2,0,3,1,4,5
2019-09-27 09:27:12+00:00,50.99,1,0,2,0,2,4,2,6
2019-09-27 09:27:42+00:00,50.59,4,2,1,0,3,1,2,4
2019-09-27 09:28:12+00:00,52.12,4,2,5,0,5,3,1,1
2019-09-27 09:28:42+00:00,51.92,9,7,8,1,7,7,3,3
2019-09-27 09:29:12+00:00,52.33,5,2,5,0,6,4,4,3
2019-09-27 09:29:42+00:00,51.21,6,3,4,3,4,2,1,1
2019-09-27 09:30:12+00:00,51.09,8,9,7,0,4,5,6,5
2019-09-27 09:30:42+00:00,51.01,5,17,9,8,1,7,4,13
2019-09-27 09:31:12+00:00,51.91,14,19,15,8,9,5,12,9
2019-09-27 09:31:42+00:00,51.85,7,4,13,6,3,3,7,11
2019-09-27 09:32:12+00:00,62.64,4,4,2,0,2,13,1,4
2019-09-27 09:32:42+00:00,47.66,60,42,36,8,23,28,36,42
2019-09-27 09:33:12+00:00,52.31,8,4,4,1,3,3,1,4
2019-09-27 09:33:42+00:00,51.68,10,6,6,4,2,1,8,7
2019-09-27 09:34:12+00:00,51.66,14,16,20,10,2,0,10,15
2019-09-27 09:34:42+00:00,52.51,15,15,33,12,3,4,9,12
2019-09-27 09:35:12+00:00,52.8,17,22,30,9,8,6,10,19
2019-09-27 09:35:42+00:00,54.83,18,27,22,7,2,3,18,21
2019-09-27 09:36:12+00:00,66.72,30,39,51,15,4,1,21,37
2019-09-27 09:36:42+00:00,79.58,36,87,67,24,16,16,36,51
2019-09-27 09:37:12+00:00,84.09,47,123,146,49,39,16,80,99
2019-09-27 09:37:42+00:00,71.97,4,11,7,8,8,8,17,19
2019-09-27 09:38:12+00:00,50.6,57,60,15,19,47,25,31,67
2019-09-27 09:38:42+00:00,54.3,5,6,2,0,5,0,6,7
2019-09-27 09:39:12+00:00,52.58,9,17,6,2,7,2,2,5
2019-09-27 09:39:42+00:00,52.44,10,24,5,6,8,3,5,8
2019-09-27 09:40:12+00:00,51.77,4,35,8,18,10,4,4,25
2019-09-27 09:40:42+00:00,52.34,9,27,10,8,6,2,2,11
2019-09-27 09:41:12+00:00,52.81,4,22,7,2,4,2,3,15
2019-09-27 09:41:42+00:00,54.27,3,28,8,7,4,3,3,15
2019-09-27 09:42:12+00:00,60.65,10,64,26,15,8,4,4,27
2019-09-27 09:42:42+00:00,75.22,9,88,38,15,12,11,4,48
2019-09-27 09:43:12+00:00,70.59,39,33,13,8,42,14,18,55
2019-09-27 09:43:42+00:00,54.38,23,14,15,6,20,13,10,26
2019-09-27 09:44:12+00:00,54.45,6,5,7,1,13,4,7,11
2019-09-27 09:44:42+00:00,53.77,10,4,5,1,11,5,6,8
2019-09-27 09:45:12+00:00,53.22,9,7,9,4,10,3,2,13
2019-09-27 09:45:42+00:00,53.19,7,3,2,2,4,3,4,5
2019-09-27 09:46:12+00:00,53.36,10,2,4,0,8,7,5,6
2019-09-27 09:46:42+00:00,52.89,5,5,5,1,5,5,5,5
2019-09-27 09:47:12+00:00,52.15,4,2,9,5,7,3,7,10
2019-09-27 09:47:42+00:00,51.7,6,7,14,12,1,3,5,8
2019-09-27 09:48:12+00:00,52.04,7,6,6,7,5,1,3,8
2019-09-27 09:48:42+00:00,52.09,17,15,17,16,9,7,14,18
2019-09-27 09:49:12+00:00,52.78,23,18,28,10,8,8,17,21
2019-09-27 09:49:42+00:00,54.04,6,7,16,4,3,1,7,10
2019-09-27 09:50:12+00:00,58.23,32,34,11,5,42,13,21,38
2019-09-27 09:50:42+00:00,45.92,24,19,21,1,13,11,5,20
2019-09-27 09:51:12+00:00,53.73,5,7,5,0,11,1,3,9
2019-09-27 09:51:42+00:00,52.4,18,6,8,0,13,4,6,12
2019-09-27 09:52:12+00:00,52.74,8,2,5,0,6,2,7,3
2019-09-27 09:52:42+00:00,51.71,7,3,3,0,11,6,7,8
2019-09-27 09:53:12+00:00,51.94,10,4,3,2,5,1,1,2
2019-09-27 09:53:42+00:00,51.27,2,4,1,0,2,0,3,3
2019-09-27 09:54:12+00:00,50.8,8,8,6,1,3,2,3,11
2019-09-27 09:54:42+00:00,51.19,9,11,10,7,6,3,3,9
2019-09-27 09:55:12+00:00,51.35,8,10,5,6,3,1,5,0
2019-09-27 09:55:42+00:00,51.83,5,16,11,8,10,6,7,18
2019-09-27 09:56:12+00:00,52.7,22,25,24,10,13,17,7,17
2019-09-27 09:56:42+00:00,53.4,1,8,5,1,1,0,7,5
2019-09-27 09:57:12+00:00,56.53,0,0,0,0,0,0,0,0
2019-09-27 09:57:42+00:00,51.68,0,0,0,0,0,0,0,0
2019-09-27 09:58:12+00:00,44.09,71,61,29,16,40,36,38,45
2019-09-27 09:58:42+00:00,53.01,6,3,6,0,4,7,6,3
2019-09-27 09:59:12+00:00,52.54,3,3,8,0,6,2,2,8
2019-09-27 09:59:42+00:00,52.41,9,6,9,1,10,8,5,8
2019-09-27 10:00:12+00:00,51.86,6,5,8,2,6,3,8,7
2019-09-27 10:00:42+00:00,52.13,16,22,21,8,5,5,6,12
2019-09-27 10:01:12+00:00,52.67,14,20,15,7,6,6,6,17
2019-09-27 10:01:42+00:00,53.64,10,15,27,6,3,5,12,20
2019-09-27 10:02:12+00:00,54.22,13,18,20,9,3,1,11,12
2019-09-27 10:02:42+00:00,54.44,13,25,34,11,3,2,10,16
2019-09-27 10:03:12+00:00,55.55,14,26,20,3,3,4,12,14
2019-09-27 10:03:42+00:00,54.66,7,8,14,2,1,1,1,8
2019-09-27 10:04:12+00:00,66.19,0,0,0,0,0,0,0,0
2019-09-27 10:04:42+00:00,46.68,44,38,27,21,48,14,25,64
2019-09-27 10:05:12+00:00,52.64,10,3,4,0,7,3,3,5
2019-09-27 10:05:42+00:00,52.25,4,4,4,0,4,6,2,10
2019-09-27 10:06:12+00:00,51.17,3,3,7,0,5,2,5,0
2019-09-27 10:06:42+00:00,51.15,6,3,5,0,3,1,2,1
2019-09-27 10:07:12+00:00,50.36,6,4,0,0,2,4,1,1
2019-09-27 10:07:42+00:00,51.14,5,1,2,0,5,3,2,2
2019-09-27 10:08:12+00:00,51.98,6,2,3,0,9,3,4,6
2019-09-27 10:08:42+00:00,51.91,1,3,4,0,5,4,3,4
2019-09-27 10:09:12+00:00,50.74,2,2,2,0,4,1,1,3
2019-09-27 10:09:42+00:00,50.87,6,2,3,0,4,5,0,2
2019-09-27 10:10:12+00:00,49.87,2,1,3,0,3,6,3,4
2019-09-27 10:10:42+00:00,49.37,1,1,3,0,4,1,0,1
2019-09-27 10:11:12+00:00,49.7,3,6,6,0,3,1,3,4
2019-09-27 10:11:42+00:00,50.02,3,4,2,0,0,2,4,3
2019-09-27 10:12:12+00:00,49.99,3,8,5,7,2,0,9,5
2019-09-27 10:12:42+00:00,50.59,13,16,19,9,5,5,11,21
2019-09-27 10:13:12+00:00,52.21,9,14,8,3,3,5,6,8
2019-09-27 10:13:42+00:00,60.01,0,0,0,0,0,0,0,0
2019-09-27 10:14:12+00:00,44.84,60,42,23,5,45,22,24,46
2019-09-27 10:14:42+00:00,52.35,5,3,2,0,7,8,5,3
2019-09-27 10:15:12+00:00,51.33,5,3,2,0,3,1,1,3
2019-09-27 10:15:42+00:00,51.66,5,3,4,0,1,2,2,10
2019-09-27 10:16:12+00:00,50.53,2,2,2,0,7,3,3,3
2019-09-27 10:16:42+00:00,50.8,5,3,5,0,7,5,3,5
2019-09-27 10:17:12+00:00,50.77,5,5,3,0,4,2,4,5
2019-09-27 10:17:42+00:00,51.24,6,4,1,0,5,3,4,2
2019-09-27 10:18:12+00:00,50.74,5,5,2,0,11,3,3,5
2019-09-27 10:18:42+00:00,49.49,7,8,7,0,8,9,4,7
2019-09-27 10:19:12+00:00,50.26,7,11,10,7,2,4,8,10
2019-09-27 10:19:42+00:00,52.78,10,32,18,21,16,5,11,22
2019-09-27 10:20:12+00:00,53.45,8,23,15,4,10,7,14,15
2019-09-27 10:20:42+00:00,64.16,0,0,0,0,0,0,0,0
2019-09-27 10:21:12+00:00,45.95,59,48,15,15,88,45,25,87
2019-09-27 10:21:42+00:00,49.7,2,4,3,2,6,2,4,8
2019-09-27 10:22:12+00:00,49.67,3,0,2,0,1,1,1,2
2019-09-27 10:22:42+00:00,48.95,4,4,2,1,3,4,5,6
2019-09-27 10:23:12+00:00,48.9,4,5,0,1,3,1,0,2
2019-09-27 10:23:42+00:00,48.68,0,1,1,0,1,0,1,1
2019-09-27 10:24:12+00:00,47.96,0,0,1,0,1,0,0,0
2019-09-27 10:24:42+00:00,48.2,0,2,0,1,1,0,1,1
2019-09-27 10:25:12+00:00,49.41,2,4,1,1,3,1,3,3
2019-09-27 10:25:42+00:00,49.7,2,3,3,1,3,1,1,5
2019-09-27 10:26:12+00:00,51.02,7,5,2,2,7,1,0,7
2019-09-27 10:26:42+00:00,57.27,5,15,7,9,15,7,9,21
2019-09-27 10:27:12+00:00,53.5,12,17,6,21,12,3,4,13
2019-09-27 10:27:42+00:00,65.68,3,5,1,0,4,1,0,5
2019-09-27 10:28:12+00:00,50.7,83,37,31,10,49,23,27,53
2019-09-27 10:28:42+00:00,53.12,7,4,3,2,10,7,2,1
2019-09-27 10:29:12+00:00,51.55,5,4,9,0,11,4,0,1
2019-09-27 10:29:42+00:00,51.78,12,6,3,0,8,3,3,10
2019-09-27 10:30:12+00:00,51.43,14,3,1,0,3,0,3,6
2019-09-27 10:30:42+00:00,51.7,4,2,1,0,4,4,2,3
2019-09-27 10:31:12+00:00,50.64,6,5,3,1,4,5,3,6
2019-09-27 10:31:42+00:00,51.06,8,8,2,0,6,5,3,5
2019-09-27 10:32:12+00:00,50.73,4,8,6,0,5,1,2,10
2019-09-27 10:32:42+00:00,50.66,9,0,4,1,4,2,4,4
2019-09-27 10:33:12+00:00,51.23,9,7,10,5,5,5,10,12
2019-09-27 10:33:42+00:00,52.31,20,10,25,15,8,5,8,18
2019-09-27 10:34:12+00:00,52.98,13,16,12,5,11,4,7,20
2019-09-27 10:34:42+00:00,52.51,1,3,2,2,0,0,1,2
2019-09-27 10:35:12+00:00,57.15,0,0,0,0,0,0,0,0
2019-09-27 10:35:42+00:00,50.27,17,9,3,6,15,5,7,24
2019-09-27 10:36:12+00:00,43.24,31,15,7,13,26,21,12,34
2019-09-27 10:36:42+00:00,53.62,3,10,2,7,8,3,6,13
2019-09-27 10:37:12+00:00,53.71,12,8,6,10,12,2,5,12
2019-09-27 10:37:42+00:00,53.2,5,7,9,15,8,4,5,29
2019-09-27 10:38:12+00:00,53.11,4,4,4,11,5,1,2,13
2019-09-27 10:38:42+00:00,53.88,7,12,8,11,5,3,5,16
2019-09-27 10:39:12+00:00,55.21,3,10,9,15,10,4,11,20
2019-09-27 10:39:42+00:00,54.59,6,8,1,8,8,3,5,10
2019-09-27 10:40:12+00:00,53.67,3,15,8,9,4,2,6,16
2019-09-27 10:40:42+00:00,52.34,11,16,8,12,10,3,4,11
2019-09-27 10:41:12+00:00,63.67,66,80,17,12,52,31,25,52
2019-09-27 10:41:42+00:00,51.2,6,12,1,1,4,3,2,9
2019-09-27 10:42:12+00:00,51.35,7,4,1,2,2,3,5,5
2019-09-27 10:42:42+00:00,50.62,6,4,4,0,5,1,3,8
2019-09-27 10:43:12+00:00,51.12,16,10,7,0,9,8,5,10
2019-09-27 10:43:42+00:00,52.15,5,5,5,0,1,5,5,5
2019-09-27 10:44:12+00:00,51.88,6,2,1,0,1,2,1,4
2019-09-27 10:44:42+00:00,51.27,16,6,3,0,13,5,3,7
2019-09-27 10:45:12+00:00,51.09,7,0,6,0,4,1,7,1
2019-09-27 10:45:42+00:00,50.24,6,7,10,0,6,4,2,7
2019-09-27 10:46:12+00:00,50.43,5,10,8,1,4,1,4,7
2019-09-27 10:46:42+00:00,50.17,17,15,6,6,5,7,5,9
2019-09-27 10:47:12+00:00,50.55,6,12,3,4,1,1,2,6
2019-09-27 10:47:42+00:00,50.44,5,8,6,3,3,2,2,7
2019-09-27 10:48:12+00:00,50.83,8,12,11,8,4,4,9,5
2019-09-27 10:48:42+00:00,52.24,8,16,21,2,12,9,9,15
2019-09-27 10:49:12+00:00,51.98,1,3,2,0,0,0,0,0
2019-09-27 10:49:42+00:00,61.23,3,2,2,0,3,2,2,4
2019-09-27 10:50:12+00:00,49.3,59,33,30,6,52,27,25,64
2019-09-27 10:50:42+00:00,52.32,7,5,8,2,13,5,8,11
2019-09-27 10:51:12+00:00,51.56,8,1,5,2,4,2,5,3
2019-09-27 10:51:42+00:00,51.35,14,7,6,3,11,4,3,9
2019-09-27 10:52:12+00:00,52.39,6,5,2,1,9,4,1,8
2019-09-27 10:52:42+00:00,51.77,8,2,6,1,3,3,3,6
2019-09-27 10:53:12+00:00,51.58,5,3,6,3,5,2,3,5
2019-09-27 10:53:42+00:00,51.31,8,5,7,3,8,3,4,6
2019-09-27 10:54:12+00:00,50.88,6,7,9,5,4,2,1,6
2019-09-27 10:54:42+00:00,51.23,5,3,5,0,5,1,1,2
2019-09-27 10:55:12+00:00,50.27,8,8,10,5,10,4,4,5
2019-09-27 10:55:42+00:00,50.96,15,18,16,6,5,2,8,13
2019-09-27 10:56:12+00:00,51.32,21,13,12,14,16,2,9,18
2019-09-27 10:56:42+00:00,51.97,14,16,13,7,6,5,8,20
2019-09-27 10:57:12+00:00,60.25,0,0,0,0,0,0,0,0
2019-09-27 10:57:42+00:00,49.15,51,40,16,6,53,16,22,55
2019-09-27 10:58:12+00:00,52.42,9,4,4,0,12,3,1,7
2019-09-27 10:58:42+00:00,52.53,7,6,5,0,7,5,1,10
2019-09-27 10:59:12+00:00,51.71,6,5,1,1,9,1,1,5
2019-09-27 10:59:42+00:00,51.52,4,3,1,0,5,2,1,7
2019-09-27 11:00:12+00:00,50.88,4,2,3,0,3,3,2,4
2019-09-27 11:00:42+00:00,50.27,2,1,0,1,3,1,2,3
2019-09-27 11:01:12+00:00,51.2,11,1,3,0,7,3,3,2
2019-09-27 11:01:42+00:00,50.99,3,3,6,0,3,0,1,2
2019-09-27 11:02:12+00:00,50.87,6,3,1,0,7,0,2,3
2019-09-27 11:02:42+00:00,50.24,7,4,2,0,11,5,3,12
2019-09-27 11:03:12+00:00,49.85,6,7,5,0,9,4,7,12
2019-09-27 11:03:42+00:00,51.93,10,1,2,0,9,4,6,6
2019-09-27 11:04:12+00:00,51.94,8,5,3,1,2,3,2,5
2019-09-27 11:04:42+00:00,52.25,5,2,6,0,5,4,0,4
2019-09-27 11:05:12+00:00,51.97,10,14,5,8,8,2,3,13
2019-09-27 11:05:42+00:00,52.22,7,8,7,4,6,2,1,6
2019-09-27 11:06:12+00:00,51.9,11,17,15,18,5,7,7,16
2019-09-27 11:06:42+00:00,52.7,4,4,6,4,3,7,3,7
2019-09-27 11:07:12+00:00,54.68,0,0,0,0,0,0,0,0
2019-09-27 11:07:42+00:00,52.01,1,0,0,0,0,0,0,0
2019-09-27 11:08:12+00:00,47.57,48,87,12,14,58,31,29,62
2019-09-27 11:08:42+00:00,53.78,5,3,2,0,5,4,5,5
2019-09-27 11:09:12+00:00,52.77,10,10,4,0,9,4,4,8
2019-09-27 11:09:42+00:00,52.28,5,6,2,2,7,4,2,6
2019-09-27 11:10:12+00:00,52.03,8,16,1,6,3,1,4,11
2019-09-27 11:10:42+00:00,52.26,8,23,2,7,7,3,4,9
2019-09-27 11:11:12+00:00,51.86,2,25,6,3,5,4,3,14
2019-09-27 11:11:42+00:00,53.19,9,32,8,4,2,2,3,11
2019-09-27 11:12:12+00:00,53.13,2,24,6,12,5,3,4,17
2019-09-27 11:12:42+00:00,53.67,6,25,8,3,4,7,4,7
2019-09-27 11:13:12+00:00,53.59,1,20,6,5,6,1,3,14
2019-09-27 11:13:42+00:00,53.28,3,18,6,7,2,2,0,5
2019-09-27 11:14:12+00:00,54.23,0,0,0,0,0,0,0,0
2019-09-27 11:14:42+00:00,54.61,0,0,0,0,0,0,0,0
2019-09-27 11:15:12+00:00,51.22,0,0,0,0,0,0,0,0
2019-09-27 11:15:42+00:00,48.08,49,59,13,8,61,33,29,60
2019-09-27 11:16:12+00:00,54.66,8,2,2,0,6,3,3,2
2019-09-27 11:16:42+00:00,53.15,7,3,1,0,2,2,3,6
2019-09-27 11:17:12+00:00,53.51,6,6,1,0,5,4,2,5
2019-09-27 11:17:42+00:00,53.18,7,3,0,0,7,3,5,9
2019-09-27 11:18:12+00:00,52.88,4,5,4,3,5,7,4,9
2019-09-27 11:18:42+00:00,53.7,3,11,3,6,10,3,1,5
2019-09-27 11:19:12+00:00,54.23,10,19,6,13,13,8,9,13
2019-09-27 11:19:42+00:00,54.37,12,26,10,5,12,4,3,18
2019-09-27 11:20:12+00:00,53.48,15,36,12,13,12,3,4,22
2019-09-27 11:20:42+00:00,54.58,17,41,11,10,13,6,6,21
2019-09-27 11:21:12+00:00,62.58,12,2,0,0,11,5,9,11
2019-09-27 11:21:42+00:00,46.62,48,51,37,9,48,20,37,49
2019-09-27 11:22:12+00:00,52.21,6,4,7,0,3,3,1,4
2019-09-27 11:22:42+00:00,51.09,5,2,3,0,1,8,0,5
2019-09-27 11:23:12+00:00,51.34,5,5,8,0,3,2,2,6
2019-09-27 11:23:42+00:00,51.39,5,2,3,0,7,1,2,3
2019-09-27 11:24:12+00:00,51.12,8,4,2,0,4,2,4,4
2019-09-27 11:24:42+00:00,50.68,4,1,2,0,5,2,2,0
2019-09-27 11:25:12+00:00,50.69,3,4,2,0,4,0,1,1
2019-09-27 11:25:42+00:00,51.53,4,1,5,0,4,2,1,3
2019-09-27 11:26:12+00:00,51.5,9,9,6,1,4,4,2,6
2019-09-27 11:26:42+00:00,51.58,7,13,14,2,4,2,6,7
2019-09-27 11:27:12+00:00,52.48,6,8,11,4,3,1,7,8
2019-09-27 11:27:42+00:00,64.41,34,27,22,15,18,13,17,30
2019-09-27 11:28:12+00:00,53.36,43,59,11,11,33,30,23,54
2019-09-27 11:28:42+00:00,53.92,5,12,3,0,3,2,2,8
2019-09-27 11:29:12+00:00,53.22,3,20,5,4,4,3,0,12
2019-09-27 11:29:42+00:00,53.21,6,32,6,13,5,1,5,15
2019-09-27 11:30:12+00:00,52.85,4,23,8,5,0,1,2,14
2019-09-27 11:30:42+00:00,52.38,1,17,4,8,1,1,6,5
2019-09-27 11:31:12+00:00,55.48,5,23,9,1,3,3,4,13
2019-09-27 11:31:42+00:00,54.41,5,27,15,4,2,5,3,13
2019-09-27 11:32:12+00:00,54.46,3,27,16,2,1,2,3,14
2019-09-27 11:32:42+00:00,68.77,5,49,26,6,3,4,3,23
2019-09-27 11:33:12+00:00,67.03,47,56,20,26,39,26,30,68
2019-09-27 11:33:42+00:00,58.03,18,21,15,3,23,16,12,22
2019-09-27 11:34:12+00:00,53.05,12,14,12,9,4,5,6,17
2019-09-27 11:34:42+00:00,53.45,10,11,8,7,5,4,8,16
2019-09-27 11:35:12+00:00,53.06,10,24,11,15,5,4,8,15
2019-09-27 11:35:42+00:00,54.6,8,15,15,15,4,2,5,23
2019-09-27 11:36:12+00:00,64.72,11,41,18,17,7,7,14,25
2019-09-27 11:36:42+00:00,83.88,43,150,78,46,20,26,41,89
2019-09-27 11:37:12+00:00,85.83,46,154,68,92,33,34,48,132
2019-09-27 11:37:42+00:00,85.72,56,123,67,88,29,27,58,127
2019-09-27 11:38:12+00:00,85.94,31,61,33,24,19,10,22,52
2019-09-27 11:38:42+00:00,51.5,47,49,63,14,49,26,31,61
2019-09-27 11:39:12+00:00,62.8,16,11,29,5,13,9,14,19
2019-09-27 11:39:42+00:00,54.7,10,9,27,8,2,7,12,12
2019-09-27 11:40:12+00:00,54.2,11,16,39,10,4,1,17,16
2019-09-27 11:40:42+00:00,54.8,16,11,51,3,5,1,20,23
2019-09-27 11:41:12+00:00,54.16,15,16,29,6,3,2,15,10
2019-09-27 11:41:42+00:00,55.31,9,17,57,13,9,1,19,23
2019-09-27 11:42:12+00:00,60.96,21,33,74,22,11,5,27,41
2019-09-27 11:42:42+00:00,83.64,67,127,164,56,16,20,72,100
2019-09-27 11:43:12+00:00,83.58,98,98,128,48,35,19,72,92
2019-09-27 11:43:42+00:00,81.34,60,55,91,23,24,17,38,59
2019-09-27 11:44:12+00:00,79.03,64,52,36,38,76,34,39,99
2019-09-27 11:44:42+00:00,54.59,6,10,11,3,7,3,4,9
2019-09-27 11:45:12+00:00,53.38,7,13,21,6,6,6,8,10
2019-09-27 11:45:42+00:00,52.89,11,18,27,13,6,1,13,25
2019-09-27 11:46:12+00:00,53.73,6,20,25,13,5,4,11,22
2019-09-27 11:46:42+00:00,53.58,8,10,17,10,4,4,11,22
2019-09-27 11:47:12+00:00,54.77,10,21,23,18,5,6,14,23
2019-09-27 11:47:42+00:00,54.98,8,13,24,13,6,4,8,16
2019-09-27 11:48:12+00:00,54.58,5,8,21,9,1,3,11,19
2019-09-27 11:48:42+00:00,54.96,11,19,25,12,3,4,12,33
2019-09-27 11:49:12+00:00,54.81,6,13,17,6,0,1,9,7
2019-09-27 11:49:42+00:00,59.97,0,0,0,0,0,0,0,0
2019-09-27 11:50:12+00:00,49.62,49,43,11,6,57,16,20,59
2019-09-27 11:50:42+00:00,53.21,6,4,1,1,6,2,3,8
2019-09-27 11:51:12+00:00,53.64,6,3,2,0,9,3,3,10
2019-09-27 11:51:42+00:00,54.22,14,4,1,0,11,2,1,11
2019-09-27 11:52:12+00:00,53.46,11,6,1,0,7,6,3,13
2019-09-27 11:52:42+00:00,52.48,7,5,8,1,8,3,9,13
2019-09-27 11:53:12+00:00,51.67,1,3,7,2,1,0,2,4
2019-09-27 11:53:42+00:00,53.2,6,6,2,0,8,4,3,7
2019-09-27 11:54:12+00:00,52.58,3,4,2,0,6,2,3,2
2019-09-27 11:54:42+00:00,52.64,8,3,4,0,7,2,4,10
2019-09-27 11:55:12+00:00,51.84,4,3,3,5,5,2,3,11
2019-09-27 11:55:42+00:00,51.42,6,10,3,4,4,2,0,8
2019-09-27 11:56:12+00:00,51.86,4,2,5,6,5,4,4,7
2019-09-27 11:56:42+00:00,52.12,8,14,10,10,8,4,5,10
2019-09-27 11:57:12+00:00,53.56,9,12,10,11,8,6,10,19
2019-09-27 11:57:42+00:00,66.25,8,18,13,13,5,5,5,11
2019-09-27 11:58:12+00:00,58.59,56,48,23,6,50,34,24,52
2019-09-27 11:58:42+00:00,53.59,10,4,4,0,13,3,9,5
2019-09-27 11:59:12+00:00,52.94,5,5,3,0,4,2,3,10
2019-09-27 11:59:42+00:00,51.95,7,2,7,0,3,3,0,8
2019-09-27 12:00:12+00:00,51.3,8,5,2,0,5,0,4,2
2019-09-27 12:00:42+00:00,50.66,5,3,4,0,3,1,2,3
2019-09-27 12:01:12+00:00,50.38,7,3,2,1,5,1,3,5
2019-09-27 12:01:42+00:00,49.96,8,6,9,1,10,5,7,10
2019-09-27 12:02:12+00:00,50.97,8,9,6,0,1,7,2,11
2019-09-27 12:02:42+00:00,50.43,6,3,13,2,9,5,4,5
2019-09-27 12:03:12+00:00,51.3,10,14,11,7,11,7,7,12
2019-09-27 12:03:42+00:00,51.66,14,15,16,6,6,5,13,16
2019-09-27 12:04:12+00:00,51.68,7,9,5,1,2,1,4,8
2019-09-27 12:04:42+00:00,52.15,13,17,31,16,11,7,10,10
2019-09-27 12:05:12+00:00,53.34,0,2,3,0,0,0,1,1
2019-09-27 12:05:42+00:00,50.09,12,4,5,0,7,7,8,7
2019-09-27 12:06:12+00:00,48.3,28,8,23,0,22,12,18,21
2019-09-27 12:06:42+00:00,51.3,2,1,3,0,8,3,1,3
2019-09-27 12:07:12+00:00,50.79,3,2,3,0,3,1,6,2
2019-09-27 12:07:42+00:00,49.92,4,2,4,0,6,4,0,2
2019-09-27 12:08:12+00:00,51.43,7,2,2,0,6,4,5,1
2019-09-27 12:08:42+00:00,51.47,3,3,5,0,6,1,3,6
2019-09-27 12:09:12+00:00,50.88,7,4,2,0,0,3,3,8
2019-09-27 12:09:42+00:00,50.05,6,3,3,0,4,1,5,4
2019-09-27 12:10:12+00:00,49.77,6,3,10,1,3,3,4,5
2019-09-27 12:10:42+00:00,50.53,8,3,16,3,9,4,7,10
2019-09-27 12:11:12+00:00,51.23,12,5,12,5,2,1,7,8
2019-09-27 12:11:42+00:00,51.52,5,5,15,6,3,4,7,5
2019-09-27 12:12:12+00:00,50.98,6,4,19,13,2,4,7,13
2019-09-27 12:12:42+00:00,51.02,0,0,0,0,0,0,0,0
2019-09-27 12:13:12+00:00,52.45,0,0,0,0,0,0,0,0
2019-09-27 12:13:42+00:00,58.33,0,0,0,0,0,0,0,0
2019-09-27 12:14:12+00:00,43.06,52,38,29,12,67,26,30,52
2019-09-27 12:14:42+00:00,52.34,6,0,4,0,7,6,8,6
2019-09-27 12:15:12+00:00,51.27,5,3,6,0,5,0,2,5
2019-09-27 12:15:42+00:00,50.67,3,2,3,0,2,2,1,4
2019-09-27 12:16:12+00:00,50.15,4,3,7,1,2,2,1,7
2019-09-27 12:16:42+00:00,49.7,1,1,2,0,1,1,1,2
2019-09-27 12:17:12+00:00,49.15,5,0,1,0,4,2,4,4
2019-09-27 12:17:42+00:00,50.12,4,4,3,0,2,2,1,5
2019-09-27 12:18:12+00:00,49.73,7,2,5,1,8,4,1,7
2019-09-27 12:18:42+00:00,51.03,3,2,4,1,6,3,3,4
2019-09-27 12:19:12+00:00,51.45,7,4,6,1,4,0,1,6
2019-09-27 12:19:42+00:00,51.48,9,5,7,6,6,3,5,10
2019-09-27 12:20:12+00:00,51.55,8,1,5,0,6,0,4,7
2019-09-27 12:20:42+00:00,51.47,10,2,8,3,9,2,5,2
2019-09-27 12:21:12+00:00,51.75,6,4,4,1,6,1,6,6
2019-09-27 12:21:42+00:00,50.73,7,6,6,1,8,1,7,6
2019-09-27 12:22:12+00:00,50.59,11,6,10,3,3,5,4,2
2019-09-27 12:22:42+00:00,50.27,8,4,4,1,3,3,3,8
2019-09-27 12:23:12+00:00,51.21,6,6,6,7,5,1,2,5
2019-09-27 12:23:42+00:00,50.23,1,3,8,2,1,1,2,3
2019-09-27 12:24:12+00:00,51.62,0,0,0,0,0,0,0,0
2019-09-27 12:24:42+00:00,51.25,0,2,1,0,3,1,2,5
2019-09-27 12:25:12+00:00,52.48,15,13,7,9,12,18,10,34
2019-09-27 12:25:42+00:00,52.62,23,20,9,5,24,14,10,35
2019-09-27 12:26:12+00:00,51.73,5,5,0,4,3,1,2,7
2019-09-27 12:26:42+00:00,52.15,5,9,6,5,2,0,2,5
2019-09-27 12:27:12+00:00,51.73,5,14,6,9,9,0,3,12
2019-09-27 12:27:42+00:00,52.98,8,17,14,21,7,2,4,15
2019-09-27 12:28:12+00:00,63.04,12,38,27,18,15,4,6,45
2019-09-27 12:28:42+00:00,83.38,23,61,53,51,26,8,10,83
2019-09-27 12:29:12+00:00,81.64,35,71,69,69,39,20,16,123
2019-09-27 12:29:42+00:00,81.91,25,30,40,61,40,15,12,95
2019-09-27 12:30:12+00:00,78.8,34,36,40,48,31,5,17,85
2019-09-27 12:30:42+00:00,69.36,23,32,18,14,27,19,36,43
2019-09-27 12:31:12+00:00,61.09,42,22,37,8,35,19,18,36
2019-09-27 12:31:42+00:00,53.36,6,9,5,2,4,6,8,3
2019-09-27 12:32:12+00:00,53.27,10,5,14,1,3,2,3,5
2019-09-27 12:32:42+00:00,52.25,13,4,19,4,0,1,9,7
2019-09-27 12:33:12+00:00,52.53,19,5,25,8,5,5,13,17
2019-09-27 12:33:42+00:00,54.08,16,12,38,8,4,4,13,27
2019-09-27 12:34:12+00:00,65.44,45,43,81,30,14,6,27,48
2019-09-27 12:34:42+00:00,87.56,92,114,196,80,27,9,62,133
2019-09-27 12:35:12+00:00,84.3,87,116,157,56,40,20,70,100
2019-09-27 12:35:42+00:00,86.62,62,53,123,49,31,21,54,76
2019-09-27 12:36:12+00:00,76.12,66,64,25,36,51,30,49,95
2019-09-27 12:36:42+00:00,59.12,18,17,7,2,26,8,16,20
2019-09-27 12:37:12+00:00,52.87,10,1,3,1,9,2,4,6
2019-09-27 12:37:42+00:00,53.27,10,7,4,0,8,3,2,9
2019-09-27 12:38:12+00:00,52.63,7,4,2,1,5,2,2,2
2019-09-27 12:38:42+00:00,52.77,5,9,4,0,4,1,5,3
2019-09-27 12:39:12+00:00,52.06,3,7,2,0,3,2,5,8
2019-09-27 12:39:42+00:00,51.24,8,5,4,0,5,2,4,9
2019-09-27 12:40:12+00:00,50.76,6,10,0,0,9,6,5,7
2019-09-27 12:40:42+00:00,52.33,7,11,13,4,7,9,10,9
2019-09-27 12:41:12+00:00,52.22,8,10,3,3,6,3,6,12
2019-09-27 12:41:42+00:00,51.77,9,6,7,2,3,3,1,3
2019-09-27 12:42:12+00:00,51.9,8,6,7,9,6,6,6,10
2019-09-27 12:42:42+00:00,53.76,7,20,9,10,9,4,16,16
2019-09-27 12:43:12+00:00,53.62,16,26,17,14,22,10,19,28
2019-09-27 12:43:42+00:00,53.23,3,10,2,8,5,1,1,10
2019-09-27 12:44:12+00:00,65.16,16,10,5,3,12,9,4,11
2019-09-27 12:44:42+00:00,48.01,38,35,12,2,49,14,23,38
2019-09-27 12:45:12+00:00,51.71,6,4,1,2,2,3,3,4
2019-09-27 12:45:42+00:00,51.7,9,5,4,0,10,1,1,4
2019-09-27 12:46:12+00:00,51.29,4,5,6,0,6,7,3,11
2019-09-27 12:46:42+00:00,51.35,5,4,2,1,5,2,2,2
2019-09-27 12:47:12+00:00,51.27,8,3,6,0,8,0,2,7
2019-09-27 12:47:42+00:00,50.77,3,4,1,0,2,3,2,4
2019-09-27 12:48:12+00:00,50.63,2,4,0,0,9,3,3,6
2019-09-27 12:48:42+00:00,51.02,0,4,2,0,4,4,2,1
2019-09-27 12:49:12+00:00,51.26,8,3,2,1,2,3,2,4
2019-09-27 12:49:42+00:00,51.33,7,7,2,4,6,3,3,7
2019-09-27 12:50:12+00:00,50.96,9,10,2,2,3,2,1,9
2019-09-27 12:50:42+00:00,50.9,8,16,8,4,9,5,3,9
2019-09-27 12:51:12+00:00,52.38,6,14,5,7,3,4,7,6
2019-09-27 12:51:42+00:00,52.08,6,12,4,4,3,1,3,3
2019-09-27 12:52:12+00:00,57.7,6,4,2,1,4,4,4,9
2019-09-27 12:52:42+00:00,45.24,41,34,23,3,43,15,11,41
2019-09-27 12:53:12+00:00,52.49,1,2,10,1,7,2,7,2
2019-09-27 12:53:42+00:00,52.76,5,4,3,0,10,7,3,5
2019-09-27 12:54:12+00:00,51.59,7,5,2,0,5,5,2,5
2019-09-27 12:54:42+00:00,51.27,7,3,1,0,6,2,3,4
2019-09-27 12:55:12+00:00,51.61,5,2,5,1,3,0,5,2
2019-09-27 12:55:42+00:00,50.73,4,4,3,0,1,2,1,3
2019-09-27 12:56:12+00:00,50.52,5,4,4,0,9,3,3,4
2019-09-27 12:56:42+00:00,50.53,2,3,3,0,2,2,2,4
2019-09-27 12:57:12+00:00,50.48,4,3,3,0,5,7,2,4
2019-09-27 12:57:42+00:00,50.72,4,4,1,1,4,2,3,3
2019-09-27 12:58:12+00:00,49.33,8,6,3,1,8,0,2,4
2019-09-27 12:58:42+00:00,48.69,9,1,3,1,2,2,3,5
2019-09-27 12:59:12+00:00,48.8,2,7,2,1,3,3,4,3
2019-09-27 12:59:42+00:00,48.79,2,7,9,1,2,2,2,4
2019-09-27 13:00:12+00:00,49.28,4,6,6,5,2,0,1,6
2019-09-27 13:00:42+00:00,50.99,16,26,16,11,12,5,5,14
2019-09-27 13:01:12+00:00,51.11,21,17,9,4,9,3,8,13
2019-09-27 13:01:42+00:00,51.14,7,1,2,0,3,5,5,14
2019-09-27 13:02:12+00:00,50.68,5,0,1,0,1,2,2,6
2019-09-27 13:02:42+00:00,51.01,1,3,2,2,2,1,6,1
2019-09-27 13:03:12+00:00,51.02,0,2,3,9,0,4,5,4
2019-09-27 13:03:42+00:00,51.55,1,9,1,6,2,1,10,9
2019-09-27 13:04:12+00:00,51.29,0,9,2,4,0,3,6,15
2019-09-27 13:04:42+00:00,52,2,11,2,9,3,5,7,9
2019-09-27 13:05:12+00:00,52.39,2,8,1,11,2,12,9,15
2019-09-27 13:05:42+00:00,53.57,8,24,5,7,14,7,15,27
2019-09-27 13:06:12+00:00,63.15,19,13,11,12,26,14,8,25
2019-09-27 13:06:42+00:00,54.91,11,6,12,0,9,0,1,10
2019-09-27 13:07:12+00:00,53.74,10,8,6,3,5,0,3,8
2019-09-27 13:07:42+00:00,54.05,23,20,4,10,25,8,11,19
2019-09-27 13:08:12+00:00,53.03,14,8,1,4,14,7,3,14
2019-09-27 13:08:42+00:00,51.97,11,13,0,4,13,6,5,13
2019-09-27 13:09:12+00:00,51.26,2,1,5,1,4,1,4,8
2019-09-27 13:09:42+00:00,50.92,5,9,1,6,5,2,6,9
2019-09-27 13:10:12+00:00,52.48,13,18,3,4,7,6,3,11
2019-09-27 13:10:42+00:00,51.96,8,34,8,7,7,2,3,15